NO_SPK;TGL_SPK;TGL_JATUH_TEMPO;PURCH_GROUP;AGREMENT_TYPE;VENDOR;AGREMENT_DATE;VALIDITY_START;VALIDITY_END;TERGET_VALUE;PURC_ORG;ITEM_NUMBER;PR_NUMBER;PR_ITEM;ACC_ASIIGN;MATERIAL_NUMBER;SHORT_TEXT;TARGET_QTY;ORDER_UNIT;NET_PRICE;PLANT;SLOC;COST_CENTER
0007/0020.03/2020;20200326;20200319;100;Z301;190910;20200326;20200326;20210326;264000000;PGD;30;1150000027;30;;PGD0006;"Form Pengajuan Kredit";100000;LBR;240;P100;P100;
0007/0020.03/2020;20200326;20200319;100;Z301;190910;20200326;20200326;20210326;264000000;PGD;20;1150000027;20;;PGD0005;"Buku Tabungan Emas";500000;BK;240;P100;P100;
0007/0020.03/2020;20200326;20200319;100;Z301;190910;20200326;20200326;20210326;264000000;PGD;10;1150000027;10;;PGD0003;"Kantong Barang Jaminan";500000;ST;240;P100;P100;
0010/0020.03/2020;20200327;20200331;100;Z301;190910;20200327;20200327;20200616;200000;PGD;10;1150000024;10;;PGD0003;"Kantong Barang Jaminan";5000;ST;40;P100;P100;
