NO_SPK;TGL_SPK;TGL_JATUH_TEMPO;PO_DOC_TYPE;VENDOR;DOC_DATE;PURCH_GROUP;PURCH_ORG;ITEM_NUMBER;MATERIAL_NUMBER;SHORT_TEXT;PO_QUANTITY;ORDER_UNIT;DELIVERY_DATE;NET_PRICE;CURRENCY;UNIT_PRICE;PLANT;STOR_LOC;REQUISTIONER;PURC_REQ;PR_ITEM;ACC_ASIIGN;TAX_CODE;COST_CENTER
0008/0020.03/2020;20200326;20220317;Z410;190910;20200326;100;PGD;20;PGD0005;"Buku Tabungan Emas";1000000;BK;20201212;100;IDR;1;P100;P100;test;1150000023;20;;V0;
0008/0020.03/2020;20200326;20220317;Z410;190910;20200326;100;PGD;10;PGD0003;"Kantong Barang Jaminan";5000000;ST;20201212;70;IDR;1;P100;P100;test;1150000023;10;;V0;
0009/0020.03/2020;20200326;20200327;Z410;190910;20200326;100;PGD;20;PGD0005;"Buku Tabungan Emas";500000;BK;20201212;250;IDR;1;P100;P100;PPAT;1150000025;20;;V0;
0011/0020.03/2020;20200327;20200331;Z440;190910;20200327;100;PGD;20;SRV0001;Konsultan;1000;LE;20201214;20000;IDR;1;P100;;"Pengadaan proyek implentasi SA";1450000003;20;K;V0;PK1000105
0011/0020.03/2020;20200327;20200331;Z440;190910;20200327;100;PGD;10;AST0017;"ADP Aktiva Tak Berwujud Lisensi Software";1000;UNT;20201214;150000;IDR;1;P100;;"Pengadaan proyek implentasi SA";1450000003;10;K;V0;PK1000105
