NO_SPK;TGL_SPK;TGL_JATUH_TEMPO;PO_DOC_TYPE;VENDOR;DOC_DATE;PURCH_GROUP;PURCH_ORG;ITEM_NUMBER;MATERIAL_NUMBER;SHORT_TEXT;PO_QUANTITY;ORDER_UNIT;DELIVERY_DATE;NET_PRICE;CURRENCY;UNIT_PRICE;PLANT;STOR_LOC;REQUISTIONER;PURC_REQ;PR_ITEM;ACC_ASIIGN;TAX_CODE;COST_CENTER
0001/0020.04/2020;20200402;20200507;Z410;191201;20200402;100;PGD;10;PGD0006;"Form Pengajuan Kredit";100;LBR;20190123;600;IDR;1;P100;P100;DIV006;1150000009;10;;V0;
0003/0020.04/2020;20200402;20200702;Z410;190910;20200402;100;PGD;40;PGD0001;"Surat Bukti Gadai";100000;LBR;20201214;100;IDR;1;P100;P100;DIV006;1150000035;40;;V0;
0003/0020.04/2020;20200402;20200702;Z410;190910;20200402;100;PGD;50;PGD0002;"Surat Bukti Rahn";100000;LBR;20201212;100;IDR;1;P100;P100;DIV006;1150000035;50;;V0;
0003/0020.04/2020;20200402;20200702;Z410;190910;20200402;100;PGD;30;PGD0006;"Form Pengajuan Kredit";100000;LBR;20201212;50;IDR;1;P100;P100;DIV006;1150000035;30;;V0;
0003/0020.04/2020;20200402;20200702;Z410;190910;20200402;100;PGD;10;PGD0003;"Kantong Barang Jaminan";500000;ST;20201212;100;IDR;1;P100;P100;DIV006;1150000035;10;;V0;
